{
    "1":{
        "title":"CSS Introduction",
        "info":"CSS stands for Cascading Style Sheets.<br>CSS describes how HTML elements are to be displayed on screen, paper, or in other media.<br>CSS saves a lot of work. It can control the layout of multiple web pages all at once.<br>External stylesheets are stored in CSS files.<br><br>CSS is used to define styles for your web pages, including the design, layout and variations in display for different devices and screen sizes. HTML was NEVER intended to contain tags for formatting a web page! HTML was created to describe the content of a web page. When tags like &lt;font&gt;, and color attributes were added to the HTML 3.2 specification, it started a nightmare for web developers. Development of large websites, where fonts and color information were added to every single page, became a long and expensive process. CSS removed the style formatting from the HTML page!The style definitions are normally saved in external .css files. With an external stylesheet file, you can change the look of an entire website by changing just one file!",
        "example":"<!DOCTYPE html><html><head><style>#example {background-color: lightblue;}h1 {color: white;text-align: center;}p {font-family: verdana;font-size: 20px;}</style></head><body><h1>My First CSS Example</h1><p>This is a paragraph.</p></body></html>",
        "codeExample":"&lt;!DOCTYPE html&gt;<br>&lt;html&gt;<br>&lt;head&gt;<br>&lt;style&gt;<br>body {<br>background-color: lightblue;<br>}<br><br>h1 {<br>color: white;<br>text-align: center;<br>}<br><br>p {<br>font-family: verdana;<br>font-size: 20px;<br>}<br>&lt;/style&gt;<br>&lt;/head&gt;<br>&lt;body&gt;<br><br>&lt;h1&gt;My First CSS Example&lt;/h1&gt;<br>&lt;p&gt;This is a paragraph.&lt;/p&gt;<br><br>&lt;/body&gt;<br>&lt;/html&gt;",
        "codeExpln":null
    },
    "2":{
        "title":"CSS Syntax",
        "info":"A CSS rule-set consists of a selector and a declaration block. The selector points to the HTML element you want to style. The declaration block contains one or more declarations separated by semicolons. Each declaration includes a CSS property name and a value, separated by a colon. Multiple CSS declarations are separated with semicolons, and declaration blocks are surrounded by curly braces.<br>For eg: h1 { color: green; }.<br>Here, h1 is the selector and color:green; is the declaration.",
        "example":"<!DOCTYPE html><html><head><style>p {color: red;text-align: center;} </style></head><body><p>Hello World!</p><p>These paragraphs are styled with CSS.</p></body></html>",
        "codeExample":"&lt;!DOCTYPE html&gt;<br>&lt;html&gt;<br>&lt;head&gt;<br>&lt;style&gt;<br>p {<br>color: red;<br>text-align: center;<br>} <br>&lt;/style&gt;<br>&lt;/head&gt;<br>&lt;body&gt;<br><br>&lt;p&gt;Hello World!&lt;/p&gt;<br>&lt;p&gt;These paragraphs are styled with CSS.&lt;/p&gt;<br><br>&lt;/body&gt;<br>&lt;/html&gt;",
        "codeExpln":"p is a selector in CSS (it points to the HTML element you want to style: &lt;p&gt;).<br>color is a property, and red is the property value.<br>text-align is a property, and center is the property value"
    },
    "3":{
        "title":"CSS Selectors",
        "info":"CSS selectors are used to \"find\" (or select) the HTML elements you want to style.<br>We can divide CSS selectors into five categories:<br><li>Simple selectors (select elements based on name, id, class)<br><li>Combinator selectors (select elements based on a specific relationship between them)<br><li>Pseudo-class selectors (select elements based on a certain state)<br><li>Pseudo-elements selectors (select and style a part of an element)<br><li>Attribute selectors (select elements based on an attribute or attribute value)",
        "example":"<!DOCTYPE html><html><head><style>*{font-family:\"Cambria\";}p {text-align: center;color: red;} #para1 {text-align: center;color: red;}.center {text-align: center;color: red;}</style></head><body><p>Every paragraph will be affected by the style.</p><p id=\"para1\">Me too!</p><p>And me!</p><h1 class=\"center\">Red and center-aligned heading</h1><p class=\"center\">Red and center-aligned paragraph.</p></body></html>",
        "codeExample":"&lt;!DOCTYPE html&gt;<br>&lt;html&gt;<br>&lt;head&gt;<br>&lt;style&gt;<br>*{<br>font-family:\"Cambria\";<br>}<br><br>p {<br>text-align: center;<br>color: red;<br>} <br><br>#para1 {<br>text-align: center;<br>color: red;<br>}<br><br>.center {<br>text-align: center;<br>color: red;<br>}<br>&lt;/style&gt;<br>&lt;/head&gt;<br>&lt;body&gt;<br>&lt;p&gt;Every paragraph will be affected by the style.&lt;/p&gt;<br>&lt;p id=\"para1\"&gt;Me too!&lt;/p&gt;<br>&lt;p&gt;And me!&lt;/p&gt;<br>&lt;h1 class=\"center\"&gt;Red and center-aligned heading&lt;/h1&gt;<br>&lt;p class=\"center\"&gt;Red and center-aligned paragraph.&lt;/p&gt;<br><br>&lt;/body&gt;<br>&lt;/html&gt;",
        "codeExpln":"<li>para1 is an Id Selector.<br><li>center is a Class Selector.<br><li>* is a Universal Selector."
    },
    "4":{
        "title":"CSS Comments",
        "info":"Comments are used to explain the code, and may help when you edit the source code at a later date.<br>Comments are ignored by browsers.<br>A CSS comment is placed inside the element, and starts with /* and ends with */<br>",
        "example":null,
        "codeExample":"&lt;!DOCTYPE html&gt;<br>&lt;html&gt;<br>&lt;head&gt;<br>&lt;style&gt;<br>p {<br>color: red; /* Set text color to red */<br>}<br>&lt;/style&gt;<br>&lt;/head&gt;<br>&lt;body&gt;<br><br>&lt;h2&gt;My Heading&lt;/h2&gt;<br><br>&lt;!-- These paragraphs will be red --&gt;<br>&lt;p&gt;Hello World!&lt;/p&gt;<br>&lt;p&gt;This paragraph is styled with CSS.&lt;/p&gt;<br>&lt;p&gt;CSS comments are not shown in the output.&lt;/p&gt;<br><br>&lt;/body&gt;<br>&lt;/html&gt;",
        "codeExpln":null
    },
    "5":{
        "title":"CSS Colors",
        "info":"Colors are specified using predefined color names, or RGB, HEX, HSL, RGBA, HSLA values.<br>Apart from that, a color can be specified by using a predefined color name.<br>CSS/HTML support 140 standard color names.",
        "example":"<!DOCTYPE html><html><body><p>Same as color name \"Tomato\":</p><h1 style=\"background-color:rgb(255, 99, 71);\">rgb(255, 99, 71)</h1><h1 style=\"background-color:#ff6347;\">#ff6347</h1><h1 style=\"background-color:hsl(9, 100%, 64%);\">hsl(9, 100%, 64%)</h1><p>Same as color name \"Tomato\", but 50% transparent:</p><h1 style=\"background-color:rgba(255, 99, 71, 0.5);\">rgba(255, 99, 71, 0.5)</h1><h1 style=\"background-color:hsla(9, 100%, 64%, 0.5);\">hsla(9, 100%, 64%, 0.5)</h1><p>In addition to the predefined color names, colors can be specified using RGB, HEX, HSL, or even transparent colors using RGBA or HSLA color values.</p></body></html>",
        "codeExample":"&lt;!DOCTYPE html&gt;<br>&lt;html&gt;<br>&lt;body&gt;<br><br>&lt;p&gt;Same as color name \"Tomato\":&lt;/p&gt;<br><br>&lt;h1 style=\"background-color:rgb(255, 99, 71);\"&gt;rgb(255, 99, 71)&lt;/h1&gt;<br>&lt;h1 style=\"background-color:#ff6347;\"&gt;#ff6347&lt;/h1&gt;<br>&lt;h1 style=\"background-color:hsl(9, 100%, 64%);\"&gt;hsl(9, 100%, 64%)&lt;/h1&gt;<br><br>&lt;p&gt;Same as color name \"Tomato\", but 50% transparent:&lt;/p&gt;<br>&lt;h1 style=\"background-color:rgba(255, 99, 71, 0.5);\"&gt;rgba(255, 99, 71, 0.5)&lt;/h1&gt;<br>&lt;h1 style=\"background-color:hsla(9, 100%, 64%, 0.5);\"&gt;hsla(9, 100%, 64%, 0.5)&lt;/h1&gt;<br><br>&lt;p&gt;In addition to the predefined color names, colors can be specified using RGB, HEX, HSL, or even transparent colors using RGBA or HSLA color values.&lt;/p&gt;<br><br>&lt;/body&gt;<br>&lt;/html&gt;",
        "codeExpln":null
    },
    "6":{
        "title":"CSS Backgrounds",
        "info":"The CSS background properties are used to define the background effects for elements.<br>CSS background properties:<br><br><li>background-color<br><li>background-image<br><li>background-repeat<br><li>background-attachment<br><li>background-position<br><br>The opacity property specifies the opacity/transparency of an element. It can take a value from 0.0 - 1.0. The lower value, the more transparent.",
        "example":"<!DOCTYPE html><html><head><style>#example{background-color: cyan;}div.first {opacity: 0.1;}div.second {opacity: 0.3;}div.third {opacity: 0.6;}p {background-image: url(\"https://media1.giphy.com/media/cmegx6SssTKmEFEcwj/giphy-downsized-large.gif\");background-repeat: no-repeat;}</style></head><body><h1>Transparent Box</h1><p>When using the opacity property to add transparency to the background of an element, all of its child elements become transparent as well. This can make the text inside a fully transparent element hard to read:</p><div class=\"first\"><h1>opacity 0.1</h1></div><div class=\"second\"><h1>opacity 0.3</h1></div><div class=\"third\"><h1>opacity 0.6</h1></div><div><h1>opacity 1 (default)</h1></div></body></html>",
        "codeExample":"&lt;!DOCTYPE html&gt;<br>&lt;html&gt;<br>&lt;head&gt;<br>&lt;style&gt;<br>div {<br>background-color: green;<br>}<br><br>div.first {<br>opacity: 0.1;<br>}<br><br>div.second {<br>opacity: 0.3;<br>}<br><br>div.third {<br>opacity: 0.6;<br>}<br><br>p {<br>background-image: url(\"https://media1.giphy.com/media/cmegx6SssTKmEFEcwj/giphy-downsized-large.gif\");<br>background-repeat: no-repeat;<br>}<br>&lt;/style&gt;<br>&lt;/head&gt;<br>&lt;body&gt;<br><br>&lt;h1&gt;Transparent Box&lt;/h1&gt;<br>&lt;p&gt;When using the opacity property to add transparency to the background of an element, all of its child elements become transparent as well. This can make the text inside a fully transparent element hard to read:&lt;/p&gt;<br><br>&lt;div class=\"first\"&gt;<br>&lt;h1&gt;opacity 0.1&lt;/h1&gt;<br>&lt;/div&gt;<br><br>&lt;div class=\"second\"&gt;<br>&lt;h1&gt;opacity 0.3&lt;/h1&gt;<br>&lt;/div&gt;<br><br>&lt;div class=\"third\"&gt;<br>&lt;h1&gt;opacity 0.6&lt;/h1&gt;<br>&lt;/div&gt;<br><br>&lt;div&gt;<br>&lt;h1&gt;opacity 1 (default)&lt;/h1&gt;<br>&lt;/div&gt;<br><br>&lt;/body&gt;<br>&lt;/html&gt;",
        "codeExpln":null
    },
    "7":{
        "title":"CSS Borders",
        "info":"The CSS border properties allow you to specify the style, width, and color of an element's border.<br>The border-style property specifies what kind of border to display.<br><br>The following values are allowed:<br><br><li>dotted - Defines a dotted border<br><li>dashed - Defines a dashed border<br><li>solid - Defines a solid border<br><li>double - Defines a double border<br><li>groove - Defines a 3D grooved border. The effect depends on the border-color value<br><li>ridge - Defines a 3D ridged border. The effect depends on the border-color value<br><li>inset - Defines a 3D inset border. The effect depends on the border-color value<br><li>outset - Defines a 3D outset border. The effect depends on the border-color value<br><li>none - Defines no border<br><li>hidden - Defines a hidden border",
        "example":"<!DOCTYPE html><html><head><style>p.dotted {border-style: dotted;}p.dashed {border-style: dashed;}p.solid {border-style: solid;}p.double {border-style: double;}p.groove {border-style: groove;}p.ridge {border-style: ridge;}p.inset {border-style: inset;}p.outset {border-style: outset;}p.none {border-style: none;}p.hidden {border-style: hidden;}p.mix {border-style: dotted dashed solid double;}</style></head><body><h2>The border-style Property</h2><br><p>This property specifies what kind of border to display:</p><br><p class=\"dotted\">A dotted border.</p><br><p class=\"dashed\">A dashed border.</p><br><p class=\"solid\">A solid border.</p><br><p class=\"double\">A double border.</p><br><p class=\"groove\">A groove border.</p><br><p class=\"ridge\">A ridge border.</p><br><p class=\"inset\">An inset border.</p><br><p class=\"outset\">An outset border.</p><br><p class=\"none\">No border.</p><br><p class=\"hidden\">A hidden border.</p><br><p class=\"mix\">A mixed border.</p><br></body></html>",
        "codeExample":"&lt;!DOCTYPE html&gt;<br>&lt;html&gt;<br>&lt;head&gt;<br>&lt;style&gt;<br>p.dotted {border-style: dotted;}<br>p.dashed {border-style: dashed;}<br>p.solid {border-style: solid;}<br>p.double {border-style: double;}<br>p.groove {border-style: groove;}<br>p.ridge {border-style: ridge;}<br>p.inset {border-style: inset;}<br>p.outset {border-style: outset;}<br>p.none {border-style: none;}<br>p.hidden {border-style: hidden;}<br>p.mix {border-style: dotted dashed solid double;}<br>&lt;/style&gt;<br>&lt;/head&gt;<br>&lt;body&gt;<br><br>&lt;h2&gt;The border-style Property&lt;/h2&gt;<br>&lt;p&gt;This property specifies what kind of border to display:&lt;/p&gt;<br><br>&lt;p class=\"dotted\"&gt;A dotted border.&lt;/p&gt;<br>&lt;p class=\"dashed\"&gt;A dashed border.&lt;/p&gt;<br>&lt;p class=\"solid\"&gt;A solid border.&lt;/p&gt;<br>&lt;p class=\"double\"&gt;A double border.&lt;/p&gt;<br>&lt;p class=\"groove\"&gt;A groove border.&lt;/p&gt;<br>&lt;p class=\"ridge\"&gt;A ridge border.&lt;/p&gt;<br>&lt;p class=\"inset\"&gt;An inset border.&lt;/p&gt;<br>&lt;p class=\"outset\"&gt;An outset border.&lt;/p&gt;<br>&lt;p class=\"none\"&gt;No border.&lt;/p&gt;<br>&lt;p class=\"hidden\"&gt;A hidden border.&lt;/p&gt;<br>&lt;p class=\"mix\"&gt;A mixed border.&lt;/p&gt;<br><br>&lt;/body&gt;<br>&lt;/html&gt;",
        "codeExpln":null
    },
    "8":{
        "title":"CSS Margins",
        "info":"The CSS margin properties are used to create space around elements, outside of any defined borders. With CSS, you have full control over the margins. There are properties for setting the margin for each side of an element (top, right, bottom, and left).<br><br>CSS has properties for specifying the margin for each side of an element:<br><li>margin-top<br><li>margin-right<br><li>margin-bottom<br><li>margin-left<br><br>All the margin properties can have the following values:<br><li>auto - the browser calculates the margin<br><li>length - specifies a margin in px, pt, cm, etc.<br><li>% - specifies a margin in % of the width of the containing element<br><li>inherit - specifies that the margin should be inherited from the parent element",
        "example":"<!DOCTYPE html><html><head><style>#marg{border: 1px solid black;margin-top: 100px;margin-bottom: 100px;margin-right: 150px;margin-left: 80px;background-color: lightblue;}</style></head><body><h2>Using individual margin properties</h2><div id=\"marg\">This div element has a top margin of 100px, a right margin of 150px, a bottom margin of 100px, and a left margin of 80px.</div></body></html>",
        "codeExample":"&lt;!DOCTYPE html&gt;<br>&lt;html&gt;<br>&lt;head&gt;<br>&lt;style&gt;<br>div {<br>border: 1px solid black;<br>margin-top: 100px;<br>margin-bottom: 100px;<br>margin-right: 150px;<br>margin-left: 80px;<br>background-color: lightblue;<br>}<br>&lt;/style&gt;<br>&lt;/head&gt;<br>&lt;body&gt;<br><br>&lt;h2&gt;Using individual margin properties&lt;/h2&gt;<br><br>&lt;div&gt;This div element has a top margin of 100px, a right margin of 150px, a bottom margin of 100px, and a left margin of 80px.&lt;/div&gt;<br><br>&lt;/body&gt;<br>&lt;/html&gt;",
        "codeExpln":null
    },
    "9":{
        "title":"CSS Padding",
        "info":"The CSS padding properties are used to generate space around an element's content, inside of any defined borders. With CSS, you have full control over the padding. There are properties for setting the padding for each side of an element (top, right, bottom, and left).<br><br>CSS has properties for specifying the padding for each side of an element:<br><br><li>padding-top<br><li>padding-right<br><li>padding-bottom<br><li>padding-left<br><br>All the padding properties can have the following values:<br><br><li>length - specifies a padding in px, pt, cm, etc.<br><li>% - specifies a padding in % of the width of the containing element<br><li>inherit - specifies that the padding should be inherited from the parent element",
        "example":"<!DOCTYPE html><html><head><style>#padd{border: 1px solid black;padding-top: 100px;padding-bottom: 100px;padding-right: 150px;padding-left: 80px;background-color: lightblue;}</style></head><body><h2>Using individual padding properties</h2><div id=\"padd\">This div element has a top padding of 100px, a right padding of 150px, a bottom padding of 100px, and a left padding of 80px.</div></body></html>",
        "codeExample":"&lt;!DOCTYPE html&gt;<br>&lt;html&gt;<br>&lt;head&gt;<br>&lt;style&gt;<br>div {<br>border: 1px solid black;<br>padding-top: 100px;<br>padding-bottom: 100px;<br>padding-right: 150px;<br>padding-left: 80px;<br>background-color: lightblue;<br>}<br>&lt;/style&gt;<br>&lt;/head&gt;<br>&lt;body&gt;<br><br>&lt;h2&gt;Using individual padding properties&lt;/h2&gt;<br><br>&lt;div&gt;This div element has a top padding of 100px, a right padding of 150px, a bottom padding of 100px, and a left padding of 80px.&lt;/div&gt;<br><br>&lt;/body&gt;<br>&lt;/html&gt;",
        "codeExpln":null
    },
    "10":{
        "title":"CSS Fonts",
        "info":"The CSS font properties define the font family, boldness, size, and the style of a text.<br>The font family of a text is set with the font-family property. The font-family property should hold several font names as a \"fallback\" system. If the browser does not support the first font, it tries the next font, and so on.<br><br>The font-style property is mostly used to specify italic text.<br>This property has three values:<br><li>normal - The text is shown normally<br><li>italic - The text is shown in italics<br><li>oblique - The text is \"leaning\" (oblique is very similar to italic, but less supported)<br><br>The font-weight property specifies the weight of a font.The font-variant property specifies whether or not a text should be displayed in a small-caps font.<br>In a small-caps font, all lowercase letters are converted to uppercase letters. However, the converted uppercase letters appears in a smaller font size than the original uppercase letters in the text.<br><br>The font-size property sets the size of the text.Being able to manage the text size is important in web design. However, you should not use font size adjustments to make paragraphs look like headings, or headings look like paragraphs.",
        "example":"<!DOCTYPE html><html><head><style>p.impact {font-family: Impact, Charcoal, sans-serif;}p.normal {font-style: normal;}p.italic {font-style: italic;}p.oblique {font-style: oblique;}p.normal {font-weight: normal;}p.light {font-weight: lighter;}p.thick {font-weight: bold;}p.thicker {font-weight: 900;}h1 {font-size: 40px;}h2 {font-size: 30px;}p {font-size: 14px;}</style></head><body><h1>CSS font-family</h1><p class=\"impact\">This is a paragraph, shown with the Impact font.</p><p class=\"normal\">This is a paragraph in normal style.</p><p class=\"italic\">This is a paragraph in italic style.</p><p class=\"oblique\">This is a paragraph in oblique style.</p><p class=\"normal\">This is a paragraph.</p><p class=\"light\">This is a paragraph.</p><p class=\"thick\">This is a paragraph.</p><p class=\"thicker\">This is a paragraph.</p><h1>This is heading 1</h1><h2>This is heading 2</h2><p>This is a paragraph.</p><p>This is another paragraph.</p></body></html>",
        "codeExample":"&lt;!DOCTYPE html&gt;<br>&lt;html&gt;<br>&lt;head&gt;<br>&lt;style&gt;<br>p.impact {<br>font-family: Impact, Charcoal, sans-serif;<br>}<br>p.normal {<br>font-style: normal;<br>}<br><br>p.italic {<br>font-style: italic;<br>}<br><br>p.oblique {<br>font-style: oblique;<br>}<br><br>p.normal {<br>font-weight: normal;<br>}<br><br>p.light {<br>font-weight: lighter;<br>}<br><br>p.thick {<br>font-weight: bold;<br>}<br><br>p.thicker {<br>font-weight: 900;<br>}<br><br>h1 {<br>font-size: 40px;<br>}<br><br>h2 {<br>font-size: 30px;<br>}<br><br>p {<br>font-size: 14px;<br>}<br><br>&lt;/style&gt;<br>&lt;/head&gt;<br>&lt;body&gt;<br><br>&lt;h1&gt;CSS font-family&lt;/h1&gt;<br>&lt;p class=\"impact\"&gt;This is a paragraph, shown with the Impact font.&lt;/p&gt;<br>&lt;p class=\"normal\"&gt;This is a paragraph in normal style.&lt;/p&gt;<br>&lt;p class=\"italic\"&gt;This is a paragraph in italic style.&lt;/p&gt;<br>&lt;p class=\"oblique\"&gt;This is a paragraph in oblique style.&lt;/p&gt;<br>&lt;p class=\"normal\"&gt;This is a paragraph.&lt;/p&gt;<br>&lt;p class=\"light\"&gt;This is a paragraph.&lt;/p&gt;<br>&lt;p class=\"thick\"&gt;This is a paragraph.&lt;/p&gt;<br>&lt;p class=\"thicker\"&gt;This is a paragraph.&lt;/p&gt;<br>&lt;h1&gt;This is heading 1&lt;/h1&gt;<br>&lt;h2&gt;This is heading 2&lt;/h2&gt;<br>&lt;p&gt;This is a paragraph.&lt;/p&gt;<br>&lt;p&gt;This is another paragraph.&lt;/p&gt;<br><br>&lt;/body&gt;<br>&lt;/html&gt;",
        "codeExpln":null
    },
    "11":{
        "title":"CSS Icons",
        "info":"The simplest way to add an icon to your HTML page, is with an icon library, such as Font Awesome. Add the name of the specified icon class to any inline HTML element (like &lt;i&gt; or &lt;span&gt;). All the icons in the icon libraries below, are scalable vectors that can be customized with CSS (size, color, shadow, etc.)<br><br>To use the Font Awesome icons, go to fontawesome.com, sign in, and get a code to add in the <head> section of your HTML page:<br><script src=\"https://kit.fontawesome.com/yourcode.js\"></script>",
        "example":"<!DOCTYPE html><html><head><script src=\"https://kit.fontawesome.com/a076d05399.js\"></script></head><body><i class=\"fas fa-cloud\"></i>&nbsp;&nbsp;<i class=\"fas fa-heart\"></i>&nbsp;&nbsp;<i class=\"fas fa-car\"></i>&nbsp;&nbsp;<i class=\"fas fa-file\"></i>&nbsp;&nbsp;<i class=\"fas fa-bars\"></i></body></html>",
        "codeExample":"&lt;!DOCTYPE html&gt;<br>&lt;html&gt;<br>&lt;head&gt;<br>&lt;script src=\"https://kit.fontawesome.com/a076d05399.js\"&gt;&lt;/script&gt;<br>&lt;/head&gt;<br>&lt;body&gt;<br><br>&lt;i class=\"fas fa-cloud\"&gt;&lt;/i&gt;<br>&lt;i class=\"fas fa-heart\"&gt;&lt;/i&gt;<br>&lt;i class=\"fas fa-car\"&gt;&lt;/i&gt;<br>&lt;i class=\"fas fa-file\"&gt;&lt;/i&gt;<br>&lt;i class=\"fas fa-bars\"&gt;&lt;/i&gt;<br><br>&lt;/body&gt;<br>&lt;/html&gt;",
        "codeExpln":"Note: No downloading or installation is required!"
    },
    "12":{
        "title":"CSS Links",
        "info":"In addition, links can be styled differently depending on what state they are in.<br>The four links states are:<br><li>a:link - a normal, unvisited link<br><li>a:visited - a link the user has visited<br><li>a:hover - a link when the user mouses over it<br><li>a:active - a link the moment it is clicked",
        "example":"<!DOCTYPE html><html><head><style>/* unvisited link */#links:link{color: red;text-decoration: none;}/* visited link */#links:visited{color: green;text-decoration: none;}/* mouse over link */#links:hover{color: hotpink;text-decoration: underline;}/* selected link */#links:active{color: blue;text-decoration: underline;}</style></head><body><h2>CSS Links</h2><p><b><a id=\"links\" href=\"default.asp\" target=\"_blank\">This is a link</a></b></p><p><b>Note:</b> a:hover MUST come after a:link and a:visited in the CSS definition in order to be effective.</p><p><b>Note:</b> a:active MUST come after a:hover in the CSS definition in order to be effective.</p></body></html>",
        "codeExample":"&lt;!DOCTYPE html&gt;<br>&lt;html&gt;<br>&lt;head&gt;<br>&lt;style&gt;<br>/* unvisited link */<br>a:link {<br>color: red;<br>text-decoration: none;<br>}<br><br>/* visited link */<br>a:visited {<br>color: green;<br>text-decoration: none;<br>}<br><br>/* mouse over link */<br>a:hover {<br>color: hotpink;<br>text-decoration: underline;<br>}<br><br>/* selected link */<br>a:active {<br>color: blue;<br>text-decoration: underline;<br>}<br>&lt;/style&gt;<br>&lt;/head&gt;<br>&lt;body&gt;<br><br>&lt;h2&gt;CSS Links&lt;/h2&gt;<br>&lt;p&gt;&lt;b&gt;&lt;a href=\"default.asp\" target=\"_blank\"&gt;This is a link&lt;/a&gt;&lt;/b&gt;&lt;/p&gt;<br>&lt;p&gt;&lt;b&gt;Note:&lt;/b&gt; a:hover MUST come after a:link and a:visited in the CSS definition in order to be effective.&lt;/p&gt;<br>&lt;p&gt;&lt;b&gt;Note:&lt;/b&gt; a:active MUST come after a:hover in the CSS definition in order to be effective.&lt;/p&gt;<br><br>&lt;/body&gt;<br>&lt;/html&gt;",
        "codeExpln":"The text-decoration property is mostly used to remove underlines from links."
    }
}